{
  "default": "1kg",
  "1kg": {
    "k_lc_to_m": 5.6178948366865e-08,
    "k_omega_to_m": -0.001034085552292223,
    "lc_z": 2147459107.7170305
  }
}
